﻿<?xml version="1.0" encoding="utf-8"?><bwFonts xmlns:xsi="http://www.w3.org/2001/XMLSchema-instance" xmlns:xsd="http://www.w3.org/2001/XMLSchema"><font id="00" name="ArticulateBold Charset1"><glyphs><g i="0" p="%^cQ$vIL$vyI1ivI1ioF$vTA$vfwxeWzxeaDusdDuscGxeYKxe1Ous4OusmRxeLUxe" /><g i="1" p="#^TGhpTGzoHGSnvG9n5GDmIF5m4FLltEplDDplQCplcCKlBB3mbBCmOA8nBAQnoAwooAepoAgraBusZBHtDDHttEHt5FmtJF0t6GrsvGRrHG2rTGeqTGhp^nKCpnKbrRJrskJHtpIyuvHovgGRv2FiwEDiw8CiwUAQvEzlvLytuTxBtnxnsUw8rUwEpUw1opxNmWxwlQyEkLzMjZAijcCPiDDPi0FPifGhjvHKjpIBkkJslRJKmnK0onKCp" /><g i="2" p="#^nG$v%nGeu%kGeuDF5vzEIvwDiw4CiwYAiw7AWvizyvMyTufybu_xftJxjsJxbr%Jx6j%4B6j%4BZp4BHq7BnraB2soBzsDB3t3CntvCHtfDHt2EHtCEltaF_swFosTFOr1G$qcGbqcGjp%cG6j%yJ6j%yJ$v" /><g i="3" p="%^Ox$vOxed8Bed8B$v" /><g i="4" p="#^cGtpcGVo2GdoVFwnyFUmcFgmCERl0Epl8DplkCplOBQlgBemYASmEAtnwAbooAVooAxpoAhqxA1rHAMr1BmsnBXsVBjtsCHtdDHtZDHtwEmt4F0tsFrsQFSr0G6rcGlqcGtp^iG$v%iGyu%fGyuwFtvvEUvvDiwgCiwTAiwRzMvPyev9yjuwxntcx9sUwWqUwupUw9oaxYmtxKl6yQkMyVjOzmjQAPiiCPiJDPiCEkjwFQjaGFk%cGFk%cGed%yJed%yJ$v" /><g i="5" p="" /><g i="6" p="#^sERw5EOxIDEykDvzMC8AcCOAnBaBzAyBnzyBOyyBayrByxlB3xcB%ixJyUxXy2zXyEzXy2AJytAwyJAayZARx4BqxcB0xcBEw%gw6j%Zz6j%4Dws%7Dws%dG6j%DJ6j" /><g i="7" p="%^Ox$vOx6j8B6j8B$v^OxLgOxzd8Bzd8BLg" /><g i="8" p="%^vF$vcBKp8BKp8B$vOx$vOxed8Bed8BgocBgocF6j9J6jlESoLJ$v" /><g i="9" p="#^OFhoIFVm1F5mnEgl5DglGBglXA6mdAXm5Aho%OFho^5ABqaAtrvA4sQAHskB4tQBttsCFt4DRtLDRtYERt0Gtt5H5t2Iys%2Igv$GTvRF4wIEiwADiwnCiwbBZv$zEv1zTu3y5utxPsUwwrUwBpUweofx0nDxNlmyRk5zVjdAmjlBPiTCPiyEPiIFljTGSjCHSklIRlGIin$IKo$IBq" /><g i="10" p="#^nF$vTE8wdEdwADiwWCiwYAiwTzcvPy5uPy3s%Pyzl%lwzl%lw6j%Py6j%Pyxg%aCsf%aC6j%8F6j%8Fzl%aCzl%aCBraCHsACbt$CHtODHt7EHtwEDtWEytgFmt%nF$v" /><g i="11" p="#^nFgmYE6mCE3mgE0mRD0mqC0mNBen8Bro8BEq%8B$v%Ox$v%Ox6j%MA6j%MA1m%QA1mUAulcBVkwBkk_BTjsCpj2D6jFDPilEPi2FPinFVi%nFgm" /><g i="12" p="#^dG3sdG6tOFVtoFHuGEevYDMvXC1wWBiwJAiwJziwIy6wHxXv0xKv%dx_s2yntPyCtBzRtwARtoBRt2CstJC3tJCgsJCErhCjrRB_qcBMqzAxqOzlq2z8qpyLpMxlpkxGoUw_nUwPmUwMljx$kLxeksyLjazgj4A2j$APiYBPiUCPiPDYiLE4jBFhj%nFPlyEwlTDolcDgloCgllBglSAHloA5moAHmoAbnQAungBMnVB_nyCbojDqo4EFoIE5plFwpNFdqdGWqdG3s" /><g i="13" p="#^eN$v%eN3oeNBnaN7n6NEmWMgmKMUllMFlYLplkLplBKpl6KLlDJ5mkJHm2JgnWI2oOIPoOIHp%OI$v%sF$v%sF5osFznoF5nkFCm7FemWESlxEEl8EplwDplLCplfCOlMBbmuBOmdBon6B8o0BUo0BCp%0B$v%Gx$v%Gx6j%OA6j%OAVk%RAVk4BxkrB9kOBNjhCujMCbjmD$iZDPiJEPiyFPi9G$iNGbjdHwjGHQjZHekhIEktI4lYI8k_Juj1LPiuMPieNPiZN$iIObjhPKjTPhkdQflAQdmAQMn%AQ$v" /><g i="14" p="%^$N$v2K$vfH9mcH9msE$vDA$vgw6jPz6jGCEsJCEskF6jdJ6j1MEs4MEsLO6jYR6j" /><g i="15" p="#^cG$v%cG1pcGro8GOn5G9nUFDmIF5mfFLlOEpl0Epl8DplACQl0CemGBSmlBuncBeo4BZo4BCp%4B$v%Jx$v%Jxed%4Bed%4BSk%7BSkEB3kGCrjJDPi8FPiiGPi7HcjZHAjvIgk2JXkiJTlyJPmyJUn%yJ$v" /><g i="16" p="#^dF_fRELfwEEfcExfODxf7DxfIC0giCugiCxh%iC6j%dF6j%dFzl%iCzl%iC$v%Xy$v%Xyzl%twzl%tw6j%Xy6j%XymhXyegfzpfzzze7A1eHAudrBddcCXc5DXcIDXclE0d$E4dvFcd" /><g i="17" p="#^nA$v%nAus%TDus%TD$v^VHIiVHsjEH6knHMkZGklAGUl4GqmBFXm8FtnyE8o5EToEDCpEDpq%EDUq%zAUqzAtp1BfowB1nICSlwD1lTDpkfENjfE8jfEui_D1iJDAhiDkhUC3hoCYgUBQgoBQglAQglz8hlyrhwxQh%fx3fbyNetzweMAeecCeepDeesExevFPegGnf1HXftHNgVHChVHIi" /></glyphs></font><font id="10" name="Articulate Charset1"><glyphs><g i="0" p="%^BFHoBF$v5D$v5DHogwxebzxeoEmmtJxepMxe" /><g i="1" p="#^fGoofGKn3G6nTFtmtFZl4FsluE8lUDQk4DQk2CQkoBglLAHlnAhm$zSmQztnGz3oEzoo%fGoo^Ez8qEz5rZzTrjAEsUActtBMteC4u$CouTDoutEou2FguEF8uaGXtIGKt6HxtxHjtNH6t%NHrv1HOv2G2w4FiwJDiwdCiw$ATvOzrvWyBu3yKtBxrs8x8r8xpp8xXnAxKm0yxlPyIkDzSjJApjQBXiaDXiJEXiNFujRG0kvH_kaIXlsIgnLIBoLI8q" /><g i="2" p="#^TEjsTEmtuE6u5ESutDmvRCRv1C3wdBiwnAiwqziwCy9wOx0wWwBv%2xutzxPtny6ubzou$zou0BouHBXtnCttnCBsnCeseCZr5CHrOBrrvBar$AUqvACqMzgqfz0qJyJpbyppNx0pnxCo6x4oRwxnRwPmRw0l2y_jfzXisBXi5CXiRC5jBDejgErj%4EulODklsDdl7D6lMC1lqCXk6CUkOBQkABQkDAQk_zellzEllzmmlz9nXzDnyA5oGBBosCXo1DipDDEp1E3qsEuqFE2rTEBrTEjs" /><g i="3" p="%^FI$vLAEhHAEhHA$vby$vbyxeBBxeiJBslJBslJxeSLxeSL$v" /><g i="4" p="#^DHBpDHHolHQn4HZmAGjm4GElkFelAEQkEDQkICQkYBeldBElIAjmbAZmVzQnEzHoEzBpEzrqTzjr7AasCASs5BytRBZtBCouEDouGEouqFZtaGytFGSs9HasoHkrDHtqDHBp^7KCp7K0rEJesaJrtjIlusHevgGMv4FiwEDiwaCiw_AMvOzdvWyiu3yntBx9s8xXq8xzp8x9oBxYm3yKlVyRkMzYjZAsjaCXiEDXi7FXikGsjxHYjmIRkcJKlFJZm7Kbo7KCp" /><g i="5" p="#^uLdnuL9mbLZkVKMjdKMiyJMhrI6hlHrgJFrgfErgaD0h5CAhnByiGAwjjAKkZzXlZzdnZztohAIpBAXqhBWrZBUs3DvtaE5uJF5ukH5uqIttxJRscKSrTKSqaLEpuLpouLdn^7Ogn7OmpwN2rWMJsPLUtIK2v8JGvBHiwIFiwUDiwmCIvQA5vHzYtzyOsXx6rjxppjxenjxjlTxGjry0ixzPgDACfaCWeJDeeJFeeFHeedJVeNKzfSLLgYMXhxNCj7Ogl7Ogn" /><g i="6" p="%^DI$vRArnRA$vly$vlyxeRAxeRAdmiIxeDLxepDNmhM$v" /><g i="7" p="#^vKGv$JTvsJ$vWI7woIbwTHfwoHgwVGiwxGiwqEiwJCEv0B_uPzOtDyBsZxVqjxdpjx8njx9l$xxjHyUhVzJg8BxfQCUewEeeyGeeyHeexIpexJzetK_e%hKphpJVgwIGgDHrgGGrg8FrgVDZgGCuhOBpiWAjjrAykZzNlZzenZzNouA2q$AjrTBdsMC6tZDCtaF5uyG5u1H5uyH1u4IZtAISt5JKtyJBt$JrtlKet%vKGv" /><g i="8" p="%^iy$viyedEAedEA$v" /><g i="9" p="#^AFVpdFVpNEUplESpZDSp4DSphC$pvB8qVArqjAKqZzcrEzGrEzisEzKsRz7t2AvtmAOtHA5u6BfuyBou0Cou4DouMD3usEJtREdtfFJspF9sAFBrAF8r^QF$v%QFlu%MFluwFHu9F2vOEoviEGvODXvaD6wyCiwOBiwWAiw5A6wgzWvBytvXx0vxxfu8xut8xls8x5rKxhqlytpez_o8AuobBiofC6o7D6o8E6oGE7ocF8oAF9oyFBntF$moFpm4FWlMErl8E8lwDQkqCQk8BQkaAgldzIlJy8m%By8kWyYjkzLjLzxjgAljOA9jrB2j5CXiUCXilEXijFkjhGIjRGpkqH6lGH5mWH3nWHeo%WHetWHHtWHquWH8v1I$v" /><g i="10" p="#^7FclRE4ltE1l5E_kQD_kTC_kcCslyBVl7BFmJAonxAjolAeplA9q%lA$v%$x$v%$xej%bAej%bAcl%fAclrANkNAnk7BYjyBEjZBkjuC8j0DXiBDXiYDXikE_iJE0j7F6j%7Fcl" /><g i="11" p="#^kH6rkHZr2HUsNGOt2GzukFjv4EPvRCiwYAiw3Aiw9z3wfyRvnxzv%DxetryBtqzRtqA5ugB5uTB5utCWt4DKtzDot2E2tmEwsGE_rGEirGEPqxEoqoEZp0EzpFD9p0DMooCmooBVntAwnHz3nWyBmmy0mOxrluxIkaxYjaxYiaxUhzx0hZx7gIyvfrzTesAzetBeeJCeeMDeeKEpeIFAevGSe%9G9hcFLguEBgMDrgYCrgtBrgEA1hPzChPzIiPzBjtAfk8BUkDCzlFD3mxEzmqF3n1GInFGlo_GapkH_pkH6r" /><g i="12" p="#^pGMvLF3wZEawcEiwsDiw2CiwSANvGzgvOynuWxttqxfsXw0rXwCpXweonx0nPxNlFyUkvz_jJAtjYBXivDXi8EXiUE4jEFcjiGrj%5GolLEQkADQkDCQkSBdl5BClyAgm0AVmJzNnrzEorzBprzlqFzcrTz2snAMsTAttGBXttCouFDousEou1FbuDF_tdGHt%pGMv" /><g i="13" p="#^ZEXvDE3w3EawvDiwWCiw7CiwqB6wJAWvbAuvGz2vmzku2zCt2zys%2z8l%aw8l%awej%2zej%2zhg%oBxf%oBej%MEej%ME8l%oB8l%oB3soBusuBVsBBjtRBFt5C_ttCbuRCoupDoufEouZEXt%ZEXv" /><g i="14" p="" /><g i="15" p="%^cEKgcE$vIB$vIBKggwKggwxeDJxeDJKg" /><g i="16" p="#^WN$v%WNroWNUnRNfnNNCmxN4mhNxlQMblnMQkDLQk5KQkbJ6miIoniICp%iI$v%YF$v%YFpoYFwmkFGlJEQkEDQk7CQkdB6mjAonjAHp%jA$v%Zx$v%Zxej%aAej%aA4l%dA4lrAKkLAlk4BYjyBEj0CkjHC8jnDXigEXiOEXikF4jTFcjmGwjRGPjfHikFHMkVHpl7IVkwItkWI0krJGjZJkjBK8jeLXiTLXi6NXiXNjjNOHjiPmkQP0l2QUlhQMmhQKn%hQ$v" /><g i="17" p="%^3y$v3ybtTAbtTA$v^3y1m3yejTAejTA1m" /><g i="18" p="#^WG$v%WGjpWGSnHGYmsG1mYFxlyF8l3F_kAEQkcEQkaDQkrCelJBEleBmmMA3nyA1olA_olA6q%lA$v%$x$v%$xed%lAed%lA3l%oA3lDAIkZAkkkBYjQBEjkCkj_C8jEDXitEXiYGXi6ImkhJMlhJoo%hJ$v" /><g i="19" p="%^qM$vIJ$vpGhllGhl7D$voA$viwejTyejOBOtRBOt5FejTHej4LOt7LOteOejxQej" /><g i="20" p="%^iy$viyejEAejEA$v^8yng8yKdOAKdOAng" /><g i="21" p="#^WG$v%WGopWGPnGGVmqG_lZFxlBF9l5F$kBEQkcEQkaDQkrCelJBEleBmmMA3nyA1olA_olA6q%lA$v%$x$v%$xej%gAej%gAgl%jAglOAhkVBCj0DXisEXiYGXi6ImkhJMlhJoo%hJ$v" /><g i="22" p="#^WGKpWGNoHGVntG0n$FlmyFFlREfl8EQkdDQkkCQkFBgl$AIlyAom5A3nSzVnEzKoEzzpEzwqUzlr8AasCANs4BntKBKtoC5ucD5u$D5uGEMtlFqtRFRslGgsDGtrWGFqWGKp^hJwvhJixKIsycIDzhHjAnG$AaFgBZDyBGCyBlByBgAiBbz2B7yGA%nyvy$yMyxzZy3AbzBAlz7BvzHBzzfCEzWCEzODEzxEmzgF5zOFyykG$xDGaxWGlwWGdv%WG0u%TG0udGUu6Fsv0E$vDC$v7B$v4Aqv2zRunyXtJx0tqxVr8xNq8xHp8xCosxqnMxemsyel8zekeABjkBXiTCXivDXi5E2jIE8jfFojOFEjfG3kIGuk2H8l%5H8l%5Hej%hJej%hJwv" /><g i="23" p="%^ly$vlyxe7Ixe7IKgRAKgRARltHRltH1oRA1oRAOt7IOt7I$v" /><g i="24" p="%^by$vbyxeHAxeHAOt$HOt$H$v" /><g i="25" p="%^SO$vSOUgOOUg1J$vAG$vOAUgLAUgLA$vfy$vfyxenCxeRH2teNxemRxemR$v" /><g i="26" p="#^yGNjyGXibGmiQFNhfFqhGE3hZDVggDKgBCKg%zAKg%zAPm%YCPmGEPmCF_lyG8lyGNj^cJKjcJblHIcmaIdnjHRnsGtokFLodE0p$C0p%zA0p%zA$v%3y$v%3yxe%GCxe7ExekFQeyG7foHLffIngJInhcJmicJKj" /><g i="27" p="#^tGjjtGYhuFlhvEKgRCKg%zAKg%zA1m%OC1mAD1mfESlWEHlpFllVF_kbGuktG_jtGjj^GH$v%ZEUpyEZo$DCosDeotCeo%zAeo%zA$v%3y$v%3yxe%oCxeODxe0FIefGTe9Hpf4IXfBISg7JNh7Jhj7J9kPIRkvIwl$H$lvHumRGOmcG6nwFen%wFhnaGwnyGZnWGpocH_o%xK$v" /><g i="28" p="#^DHxpDHlnHG5mMFQk7EQk5DQknChlGBKldBqmMA6nyAZnlAPolACplArqzAirOA8sfBQsIBvtpCYt7Dou5EouTEouwF1uaGGtDG0t5HmsmHurDHBqDHxp^7Kop7KNqNJ2ssJitMIfu5Ibv3HLv1GiwDEiw$Ciw_BKvZAavoAeu%lAeu%lAfB%$xfB%$xej%fAej%fA1l%iA1lRAckYBAj4DXiAEXiYFXi$Gsj2IYjKIQkqJIlMJUm7K3o7Kop" /><g i="29" p="#^$G$v%$GZt%YGZtLGounGPu$FdvtFzvYEUvgE5wADiwMCiwlAiwazTu$xrt$xPq%$xej%lAej%lAHplAxqoAarrAOrzAhsHAMsUA7t5BttnBKtIB3uaCeuECou8DouYEouXF0tWGErWG8p%WGej%hJej%hJ$v" /><g i="30" p="#^WGCpWGKoHGTntG0n_FlmwFFlOEfl5EQk7DQkqBQkxA9mEztnEzzpEzrqRzjr3AaswASsZAytDBZtiCoucDouaEouTEXtBFut2GOsvG6sIGgrWGpqWGCp^1H$v%1Hbu%ZGbuLGzulGXuYFjvoFDvREWv8E6wsDiwDCiwaBiw7AIv5z6vqy8uMxatsxXr8xHq8xop8x3ouxUmRxIlxyQkdzYjfAsjiBXiGCXilEXilFxjlG6kTG_k%WG_k%WGed%hJed%hJ$v" /><g i="31" p="#^$CnxJC8ylCUyZBEzrBeAWAQAdAbBwzyByyyB7yyBGxvBdxsBUwlB%2xrzlxzzCxBzTxEz8yEzEyEz1zrzrzfzMzWy5ABykA9yzAJxLAgxQA3xUARwYADwYAtwYAiwQA2wJAOvGACv%awej%Lyej%aCOt%dCOt%JFej%5Iej" /><g i="32" p="%^ED$vRA$vgwejRyejiCDtlCDtTFejdIej" /><g i="33" p="#^DHxpDHlnHG5mLFQk8EQkaDQksCflLBFlgBlmOA0nzATnlAKolACplAwqAAnrQAdshBUsLBztrC_t8Dou5EouUEouyF0ucGDtFGZs7HjsnHrrDHzqDHxp^7Kop7KJqPJYrvJbtQI9uaI6v7HIv5GiwEEiwQDiw7D6wqCWvTBDvlBjvXAXuyAzuiAbu%fAbu%fA$v%$x$v%$xed%lAed%lA_k%oA_kYA4kYBwjYCXiDEXi1GXi3Huj5I0kMIVksJNlNJYm7K6o7Kop" /><g i="34" p="#^gF_eMEQefEQeWCQeoCvfTB9gTBVh%TBej%fFej%fF8l%TB8l%TB$v%wz$v%wz8l%ww8l%wwej%wzej%wz3iwzNgJzQfXzSerAdeYAAdMBgdBCXcQDXcAEXcnF4d" /><g i="35" p="%^3y$v3ybtTAbtTA$v" /><g i="36" p="%^2G$vlArplA$v$x$v$xedlAedlApotFejGIejLCUoqJ$v" /><g i="37" p="%^Lyjzvwjz3ybtTAbt" /></glyphs></font><font id="20" name="ArticulateBold"><glyphs><g i="0" p="%^yG$vfC$vfwxe$zxetEeswEesYIxeqMxe" /><g i="1" p="#^TGhpTGzoHGSnvG9n5GDmIF5m4FLltEplDDplQCplcCKlBB3mbBCmOA8nBAQnoAwooAepoAgraBusZBHtDDHttEHt5FmtJF0t6GrsvGRrHG2rTGeqTGhp^nKCpnKbrRJrskJHtpIyuvHovgGRv2FiwEDiw8CiwUAQvEzlvLytuTxBtnxnsUw8rUwEpUw1opxNmWxwlQyEkLzMjZAijcCPiDDPi0FPifGhjvHKjpIBkkJslRJKmnK0onKCp" /><g i="2" p="#^BGTvQF7wZEcw7EiwfDiwLBiwzAQvozlvzysuLxztjxjsUw2rUwtpUw1ojxQmLxClxyJkjzQjtAkjDBPi5DPiiEPi6FYiWF4jnGej%4GUlEFHl6FylAEplQDplYCpljCKlGB3mfBDmQAbnCAXnoAHooAwpoAlqBA6rOASrdBrsEB0tiCmtYCHtTDHtsEHt9FxtTFmtsG5t%BGTv" /><g i="3" p="#^LD1qaC1q7Byq5A2r5Ads5AWsAAot4BRtcCRtMCRtiDFtRDttgE2tMEys0FSrgFargF1q^AF$vwFBvuF9vsFJuqF3u%nF3ucFruQEQutEdvXDyvpDTvMC4w8CiwsBiwyAiwJz1wUyMvgyhvExOugx4uUwmtUwtsUw3rtxcq2ylpZySoUzmo3BcofC1opD1o%gF1ogFumyETlQDglqCglyBglxAzlwzRloyFm%iyNjbzojlA6jvBPiRCPiLFPi1H6kkIolkI9okIbpkIUpkIzqkI5rlICrmI2snItsnIXspIDtqIhusIWuxI$v" /><g i="4" p="#^TGwpTGVoLGcoDGunkGSm1GemuFQlYEpl7EplfDplGCRl5CgmKBUmnBwndBdo4BVo4Btp4BmqgB8rtBWrRBusdC2tNCntlDHt4EHtMEHtiFmtQF0taGssxGUrIG7rTGmqTGwp^nKupnKPsVIzusHiw2FiwODiwNCTvMBrv0Bqu%ZAqu%ZA$v%Jx$v%Jxed%4Bed%4BMk%7BMkoBokKB2k5CHjyCqj0D8jCD_idEPiZEPinGPioHjjpIPj3JJkJJCl2KRmnK3onKup" /><g i="5" p="#^nG$v%nGeu%kGeuDF5vzEIvwDiw4CiwYAiw7AWvizyvMyTufybu_xftJxjsJxbr%Jx6j%4B6j%4BZp4BHq7BnraB2soBzsDB3t3CntvCHtfDHt2EHtCEltaF_swFosTFOr1G$qcGbqcGjp%cG6j%yJ6j%yJ$v" /><g i="6" p="%^Ox$vOxed8Bed8B$v" /><g i="7" p="#^nFgmYE6mCE3mgE0mRD0mqC0mNBen8Bro8BEq%8B$v%Ox$v%Ox6j%MA6j%MA1m%QA1mUAulcBVkwBkk_BTjsCpj2D6jFDPilEPi2FPinFVi%nFgm" /><g i="8" p="#^sERw5EOxIDEykDvzMC8AcCOAnBaBzAyBnzyBOyyBayrByxlB3xcB%ixJyUxXy2zXyEzXy2AJytAwyJAayZARx4BqxcB0xcBEw%gw6j%Zz6j%4Dws%7Dws%dG6j%DJ6j" /></glyphs></font><font id="30" name="Articulate"><glyphs><g i="0" p="%^ZEUgvBxpsIxp^1L$vfJBrHABrWy$viw$vLDxenGxeLN$v" /><g i="1" p="#^JG5rJGrpAFKosE1okC1o%zA1o%zAXt%yCXtpDXtaEPtYEHtwFnt4G2toGvsJGXrJG5r^qG8jqGsiaGZhWFuhtFbh0FUgqEKgQDAg8DAg%zAAg%zA_l%YB_lWC_lLDVlAEPlaFwlMFcl5GEkqG4kqG8j^nJirnJqs0JitFIauRHMu2HmvLFHvtE$vDC$v%3y$v%3yxe%LCxeoExezFQeLG7fvHIffIhgAI5hWIVhWIYiWINkWHKlWGHmkF5n%kF8ncHjnhIqonJxpnJir" /><g i="2" p="#^vKGv$JTvsJ$vWI7woIbwTHfwoHgwVGiwxGiwqEiwJCEv0B_uPzOtDyBsZxVqjxdpjx8njx9l$xxjHyUhVzJg8BxfQCUewEeeyGeeyHeexIpexJzetK_e%hKphpJVgwIGgDHrgGGrg8FrgVDZgGCuhOBpiWAjjrAykZzNlZzenZzNouA2q$AjrTBdsMC6tZDCtaF5uyG5u1H5uyH1u4IZtAISt5JKtyJBt$JrtlKet%vKGv" /><g i="3" p="#^TJdnTJIloJwkVIjj3IuidHEh2GbhUEKgxDKg%zAKg%zAOt%cDOtpGOt8IdsTJEqTJdn^xM6nxMjpTL_qeLEs0KLtOISu3HrvkF$v8D$v%3y$v%3yxe%dDxeaFxeSG7fyIIfPJPg4LVhOLvjxM4lxM6n" /><g i="4" p="%^ly$vlyxe7Ixe7IKgRAKgRARltHRltH1oRA1oRAOt7IOt7I$v" /><g i="5" p="%^zAKgzARl2HRl2H1ozA1ozA$v3y$v3yxelHxelHKg" /><g i="6" p="#^SLwvAKXvcJ6wRHiwxGiwsEiwMCFv4B0vSzRtEyGsZxZqjxgpjx9njxbl$xyjHyUhVzJg8BxfQCUewEeeyGeepHee4IheLIkekJseWJzeuKJe2LTeGL6f%uLEhxK0hrJKglIrgGGrgaFrgXDZgICuhPBpiWAjjrAykZzNlZzenZzMouA1q$AirTBcsMC5tZDBtaF5uyG5ufH5u0I1uNIZtlJOt%lJuo%GFuo%GFrm%SLrm%SLwv" /><g i="7" p="%^cJ$vcJ1oRA1oRA$vly$vlyxeRAxeRARlcJRlcJxeILxeIL$v" /><g i="8" p="%^dy$vdyxeJAxeJA$v" /><g i="9" p="#^sDzrsDBsaDstUCjuiCXuJBzvOAXvTziwzyiw2yiwxxew0xawww$v%wwRtOwZtex1uGx5u5y5u$y5uyzRt5ABtpA8tJAGsQA1sYAorYACq%YAxe%sDxe%sDzr" /><g i="10" p="%^DI$vRArnRA$vly$vlyxeRAxeRAdmiIxeDLxepDNmhM$v" /><g i="11" p="%^by$vbyxeHAxeHAOt$HOt$H$v" /><g i="12" p="%^SO$vSOUgOOUg1J$vAG$vOAUgLAUgLA$vfy$vfyxenCxeRH2teNxemRxemR$v" /><g i="13" p="%^FI$vLAEhHAEhHA$vby$vbyxeBBxeiJBslJBslJxeSLxeSL$v" /><g i="14" p="#^uLdnuL9mbLZkVKMjdKMiyJMhrI6hlHrgJFrgfErgaD0h5CAhnByiGAwjjAKkZzXlZzdnZztohAIpBAXqhBWrZBUs3DvtaE5uJF5ukH5uqIttxJRscKSrTKSqaLEpuLpouLdn^7Ogn7OmpwN2rWMJsPLUtIK2v8JGvBHiwIFiwUDiwmCIvQA5vHzYtzyOsXx6rjxppjxenjxjlTxGjry0ixzPgDACfaCWeJDeeJFeeFHeedJVeNKzfSLLgYMXhxNCj7Ogl7Ogn" /><g i="15" p="#^yGNjyGXibGmiQFNhfFqhGE3hZDVggDKgBCKg%zAKg%zAPm%YCPmGEPmCF_lyG8lyGNj^cJKjcJblHIcmaIdnjHRnsGtokFLodE0p$C0p%zA0p%zA$v%3y$v%3yxe%GCxe7ExekFQeyG7foHLffIngJInhcJmicJKj" /><g i="16" p="#^uLdnuL9mbLZkVKMjdKMiyJMhrI6hlHrgJFrgfErgaD0h5CAhnByiGAwjjAKkZzXlZzdnZztohAIpBAXqhBWrZBUs3DvtaE5uJF5ukH5uqIttxJRscKSrTKSqaLEpuLpouLdn^7Ogn7OmqTMtsDLzuqJyv%uNdz%nKdz%7HbwNGfwqGgw4GiwIFiwUDiwmCIvQA5vHzYtzyOsXx6rjxppjxenjxjlTxGjry0ixzPgDACfaCWeJDeeJFeeFHeedJVeNKzfSLLgYMXhxNCj7Ogl7Ogn" /><g i="17" p="#^tGjjtGYhuFlhvEKgRCKg%zAKg%zA1m%OC1mAD1mfESlWEHlpFllVF_kbGuktG_jtGjj^GH$v%ZEUpyEZo$DCosDeotCeo%zAeo%zA$v%3y$v%3yxe%oCxeODxe0FIefGTe9Hpf4IXfBISg7JNh7Jhj7J9kPIRkvIwl$H$lvHumRGOmcG6nwFen%wFhnaGwnyGZnWGpocH_o%xK$v" /><g i="18" p="#^kH6rkHZr2HUsNGOt2GzukFjv4EPvRCiwYAiw3Aiw9z3wfyRvnxzv%DxetryBtqzRtqA5ugB5uTB5utCWt4DKtzDot2E2tmEwsGE_rGEirGEPqxEoqoEZp0EzpFD9p0DMooCmooBVntAwnHz3nWyBmmy0mOxrluxIkaxYjaxYiaxUhzx0hZx7gIyvfrzTesAzetBeeJCeeMDeeKEpeIFAevGSe%9G9hcFLguEBgMDrgYCrgtBrgEA1hPzChPzIiPzBjtAfk8BUkDCzlFD3mxEzmqF3n1GInFGlo_GapkH_pkH6r" /><g i="19" p="%^cEKgcE$vIB$vIBKggwKggwxeDJxeDJKg" /><g i="20" p="#^OLPoOLeqsLBr7LXskK$tyJ2vfIGvYGiw2FiwxDiwhCSv2Bqv8AwufzBtLyasfyKqfyMo%fyxe%LAxe%LAuoLAtrSBNsZC5u0F5uiH5uiIGsiJeriJmo%iJxe%OLxe%OLPo" /><g i="21" p="%^RF$vJC$v8wxeXyxekEOtnEOtVJxexMxe" /><g i="22" p="%^AP$vmM$vyIKgvIKgGE$vkB$v2wxeOyxeZCut0DutLGxeiKxe4Out7OutjSxeYUxe" /><g i="23" p="%^kJ$vaEBobz$vbw$vDCVmMwxeMzxeqEel2JxeVLxe1GSmuM$v" /><g i="24" p="%^BFHoBF$v5D$v5DHogwxebzxeoEmmtJxepMxe" /><g i="25" p="%^Ow$vOwKtRFKg5xKg5xxeJIxeJINgHzOtTIOtTI$v" /><g i="26" p="%^IBElfBUocEUoEEEl^yGEl5GUotIUotINqQFNq5F$vcD$vWDNqZANqfA$vly$v3zNqHwNqHwUolzUoOzEloxEloxKj3AKjOAxeICxeZBKjWEKjEFxeyHxeQGKjcJKjcJEl" /><g i="27" p="#^WG$v%WGopWGPnGGVmqG_lZFxlBF9l5F$kBEQkcEQkaDQkrCelJBEleBmmMA3nyA1olA_olA6q%lA$v%$x$v%$xej%gAej%gAgl%jAglOAhkVBCj0DXisEXiYGXi6ImkhJMlhJoo%hJ$v" /><g i="28" p="#^ZEXvDE3w3EawvDiwWCiw7CiwqB6wJAWvbAuvGz2vmzku2zCt2zys%2z8l%aw8l%awej%2zej%2zhg%oBxf%oBej%MEej%ME8l%oB8l%oB3soBusuBVsBBjtRBFt5C_ttCbuRCoupDoufEouZEXt%ZEXv" /><g i="29" p="#^7FclRE4ltE1l5E_kQD_kTC_kcCslyBVl7BFmJAonxAjolAeplA9q%lA$v%$x$v%$xej%bAej%bAcl%fAclrANkNAnk7BYjyBEjZBkjuC8j0DXiBDXiYDXikE_iJE0j7F6j%7Fcl" /><g i="30" p="#^DHBpDHHolHQn4HZmAGjm4GElkFelAEQkEDQkICQkYBeldBElIAjmbAZmVzQnEzHoEzBpEzrqTzjr7AasCASs5BytRBZtBCouEDouGEouqFZtaGytFGSs9HasoHkrDHtqDHBp^7KCp7K0rEJesaJrtjIlusHevgGMv4FiwEDiwaCiw_AMvOzdvWyiu3yntBx9s8xXq8xzp8x9oBxYm3yKlVyRkMzYjZAsjaCXiEDXi7FXikGsjxHYjmIRkcJKlFJZm7Kbo7KCp" /><g i="31" p="#^WGCpWGKoHGTntG0n_FlmwFFlOEfl5EQk7DQkqBQkxA9mEztnEzzpEzrqRzjr3AaswASsZAytDBZtiCoucDouaEouTEXtBFut2GOsvG6sIGgrWGpqWGCp^1H$v%1Hbu%ZGbuLGzulGXuYFjvoFDvREWv8E6wsDiwDCiwaBiw7AIv5z6vqy8uMxatsxXr8xHq8xop8x3ouxUmRxIlxyQkdzYjfAsjiBXiGCXilEXilFxjlG6kTG_k%WG_k%WGed%hJed%hJ$v" /><g i="32" p="#^$G$v%$GZt%YGZtLGounGPu$FdvtFzvYEUvgE5wADiwMCiwlAiwazTu$xrt$xPq%$xej%lAej%lAHplAxqoAarrAOrzAhsHAMsUA7t5BttnBKtIB3uaCeuECou8DouYEouXF0tWGErWG8p%WGej%hJej%hJ$v" /><g i="33" p="#^pGMvLF3wZEawcEiwsDiw2CiwSANvGzgvOynuWxttqxfsXw0rXwCpXweonx0nPxNlFyUkvz_jJAtjYBXivDXi8EXiUE4jEFcjiGrj%5GolLEQkADQkDCQkSBdl5BClyAgm0AVmJzNnrzEorzBprzlqFzcrTz2snAMsTAttGBXttCouFDousEou1FbuDF_tdGHt%pGMv" /><g i="34" p="%^iy$viyejEAejEA$v^8yng8yKdOAKdOAng" /><g i="35" p="#^TEjsTEmtuE6u5ESutDmvRCRv1C3wdBiwnAiwqziwCy9wOx0wWwBv%2xutzxPtny6ubzou$zou0BouHBXtnCttnCBsnCeseCZr5CHrOBrrvBar$AUqvACqMzgqfz0qJyJpbyppNx0pnxCo6x4oRwxnRwPmRw0l2y_jfzXisBXi5CXiRC5jBDejgErj%4EulODklsDdl7D6lMC1lqCXk6CUkOBQkABQkDAQk_zellzEllzmmlz9nXzDnyA5oGBBosCXo1DipDDEp1E3qsEuqFE2rTEBrTEjs" /><g i="36" p="#^DHxpDHlnHG5mMFQk7EQk5DQknChlGBKldBqmMA6nyAZnlAPolACplArqzAirOA8sfBQsIBvtpCYt7Dou5EouTEouwF1uaGGtDG0t5HmsmHurDHBqDHxp^7Kop7KNqNJ2ssJitMIfu5Ibv3HLv1GiwDEiw$Ciw_BKvZAavoAeu%lAeu%lAfB%$xfB%$xej%fAej%fA1l%iA1lRAckYBAj4DXiAEXiYFXi$Gsj2IYjKIQkqJIlMJUm7K3o7Kop" /><g i="37" p="#^WG$v%WGjpWGSnHGYmsG1mYFxlyF8l3F_kAEQkcEQkaDQkrCelJBEleBmmMA3nyA1olA_olA6q%lA$v%$x$v%$xed%lAed%lA3l%oA3lDAIkZAkkkBYjQBEjkCkj_C8jEDXitEXiYGXi6ImkhJMlhJoo%hJ$v" /><g i="38" p="#^AFVpdFVpNEUplESpZDSp4DSphC$pvB8qVArqjAKqZzcrEzGrEzisEzKsRz7t2AvtmAOtHA5u6BfuyBou0Cou4DouMD3usEJtREdtfFJspF9sAFBrAF8r^QF$v%QFlu%MFluwFHu9F2vOEoviEGvODXvaD6wyCiwOBiwWAiw5A6wgzWvBytvXx0vxxfu8xut8xls8x5rKxhqlytpez_o8AuobBiofC6o7D6o8E6oGE7ocF8oAF9oyFBntF$moFpm4FWlMErl8E8lwDQkqCQk8BQkaAgldzIlJy8m%By8kWyYjkzLjLzxjgAljOA9jrB2j5CXiUCXilEXijFkjhGIjRGpkqH6lGH5mWH3nWHeo%WHetWHHtWHquWH8v1I$v" /><g i="39" p="#^WGKpWGNoHGVntG0n$FlmyFFlREfl8EQkdDQkkCQkFBgl$AIlyAom5A3nSzVnEzKoEzzpEzwqUzlr8AasCANs4BntKBKtoC5ucD5u$D5uGEMtlFqtRFRslGgsDGtrWGFqWGKp^hJwvhJixKIsycIDzhHjAnG$AaFgBZDyBGCyBlByBgAiBbz2B7yGA%nyvy$yMyxzZy3AbzBAlz7BvzHBzzfCEzWCEzODEzxEmzgF5zOFyykG$xDGaxWGlwWGdv%WG0u%TG0udGUu6Fsv0E$vDC$v7B$v4Aqv2zRunyXtJx0tqxVr8xNq8xHp8xCosxqnMxemsyel8zekeABjkBXiTCXivDXi5E2jIE8jfFojOFEjfG3kIGuk2H8l%5H8l%5Hej%hJej%hJwv" /><g i="40" p="#^fGoofGKn3G6nTFtmtFZl4FsluE8lUDQk4DQk2CQkoBglLAHlnAhm$zSmQztnGz3oEzoo%fGoo^Ez8qEz5rZzTrjAEsUActtBMteC4u$CouTDoutEou2FguEF8uaGXtIGKt6HxtxHjtNH6t%NHrv1HOv2G2w4FiwJDiwdCiw$ATvOzrvWyBu3yKtBxrs8x8r8xpp8xXnAxKm0yxlPyIkDzSjJApjQBXiaDXiJEXiNFujRG0kvH_kaIXlsIgnLIBoLI8q" /><g i="41" p="#^$CnxJC8ylCUyZBEzrBeAWAQAdAbBwzyByyyB7yyBGxvBdxsBUwlB%2xrzlxzzCxBzTxEz8yEzEyEz1zrzrzfzMzWy5ABykA9yzAJxLAgxQA3xUARwYADwYAtwYAiwQA2wJAOvGACv%awej%Lyej%aCOt%dCOt%JFej%5Iej" /><g i="42" p="" /><g i="43" p="#^WN$v%WNroWNUnRNfnNNCmxN4mhNxlQMblnMQkDLQk5KQkbJ6miIoniICp%iI$v%YF$v%YFpoYFwmkFGlJEQkEDQk7CQkdB6mjAonjAHp%jA$v%Zx$v%Zxej%aAej%aA4l%dA4lrAKkLAlk4BYjyBEj0CkjHC8jnDXigEXiOEXikF4jTFcjmGwjRGPjfHikFHMkVHpl7IVkwItkWI0krJGjZJkjBK8jeLXiTLXi6NXiXNjjNOHjiPmkQP0l2QUlhQMmhQKn%hQ$v" /><g i="44" p="%^iy$viyedEAedEA$v" /></glyphs></font></bwFonts>