<?xml version="1.0" encoding="utf-8"?><bwFrame xmlns:xsi="http://www.w3.org/2001/XMLSchema-instance" xmlns:xsd="http://www.w3.org/2001/XMLSchema" default_layout="pxnsnfns0000000100" textdirection="ltr" device="false" kbshortcuts="true" outputtype="qm"><layouts><layout name="npnxsnfns0000000100" font="Articulate" controllayout="npnxsnfns0000000100" colorscheme="pxnsnfns0000000100" string_table="pxnsnfns0000000100" /><layout name="pxnsnfns0000000100" font="Articulate" controllayout="pxnsnfns0000000100" colorscheme="pxnsnfns0000000100" string_table="pxnsnfns0000000100" /><layout name="npxnsnfns0000000100" font="Articulate" controllayout="npxnsnfns0000000100" colorscheme="pxnsnfns0000000100" string_table="pxnsnfns0000000100" /><layout name="npnxnsnfns0000000100" font="Articulate" controllayout="npnxnsnfns0000000100" colorscheme="pxnsnfns0000000100" string_table="pxnsnfns0000000100" /><layout name="pxnsnfs0000000100" font="Articulate" controllayout="pxnsnfs0000000100" colorscheme="pxnsnfns0000000100" string_table="pxnsnfns0000000100" /><layout name="pnxnsfns0000000100" font="Articulate" controllayout="pnxnsfns0000000100" colorscheme="pxnsnfns0000000100" string_table="pxnsnfns0000000100" /></layouts><control_options><optiongroups><optiongroup name="sidebaroptions"><options><option name="title_enabled" value="true"><options><option name="title_text" value="Test tipo visual - lector sin mecanismo" /></options></option><option name="logo_enabled" value="false"><options><option name="logo_url" /></options></option><option name="sidebar_enabled" value="false"><options><option name="sidebarpos" value="left" /></options></option><optionlist name="tabs"><listitems><listitem name="outline" value="true" group="linkleft" /><listitem name="resources" value="false" group="linkright" /><listitem name="glossary" value="false" group="sidebar" /><listitem name="transcript" value="false" group="sidebar" /></listitems></optionlist><option name="time_enabled" value="false"><options><option name="time_format" value="totalelapsed" /></options></option><option name="video_enabled" value="false"><options><option name="height" value="135" /></options></option></options></optiongroup><optiongroup name="menuoptions"><options><option name="flow" value="free" /><option name="wraplistitems" value="false" /><option name="tooltips" value="true" /><option name="autocollapse" value="true" /><option name="autonumber" value="false" /><option name="enableresultsicons" value="true" /></options></optiongroup><optiongroup name="controls"><options><option name="volume" value="true" /><option name="seekbar" value="false" /><option name="replay" value="false" /><option name="pauseplay" value="false" /><option name="search" value="false" /><option name="enableKeyboardShortcuts" value="true" /></options></optiongroup><optiongroup name="bottombaroptions"><options><option name="bottombar_enabled" value="true" /></options></optiongroup></optiongroups></control_options><control_layouts><control_layout name="npnxsnfns0000000100"><control name="volume" enabled="true" /><control name="seekbar" enabled="false" /><control name="replay" enabled="false" /><control name="pauseplay" enabled="false" /><control name="previous" enabled="false" /><control name="next" enabled="false" /><control name="submit" enabled="true" /><control name="finish" enabled="false" /><control name="submitall" enabled="false" /><control name="resources" enabled="false" /><control name="glossary" enabled="false" /><control name="transcript" enabled="false" /><control name="outline" enabled="false"><controls><control name="search" enabled="false" /></controls></control><control name="close_btn" enabled="false" /></control_layout><control_layout name="pxnsnfns0000000100"><control name="volume" enabled="true" /><control name="seekbar" enabled="false" /><control name="replay" enabled="false" /><control name="pauseplay" enabled="false" /><control name="previous" enabled="true" /><control name="next" enabled="true" /><control name="submit" enabled="false" /><control name="finish" enabled="false" /><control name="submitall" enabled="false" /><control name="resources" enabled="false" /><control name="glossary" enabled="false" /><control name="transcript" enabled="false" /><control name="outline" enabled="false"><controls><control name="search" enabled="false" /></controls></control><control name="close_btn" enabled="false" /></control_layout><control_layout name="npxnsnfns0000000100"><control name="volume" enabled="true" /><control name="seekbar" enabled="false" /><control name="replay" enabled="false" /><control name="pauseplay" enabled="false" /><control name="previous" enabled="false" /><control name="next" enabled="true" /><control name="submit" enabled="false" /><control name="finish" enabled="false" /><control name="submitall" enabled="false" /><control name="resources" enabled="false" /><control name="glossary" enabled="false" /><control name="transcript" enabled="false" /><control name="outline" enabled="false"><controls><control name="search" enabled="false" /></controls></control><control name="close_btn" enabled="false" /></control_layout><control_layout name="npnxnsnfns0000000100"><control name="volume" enabled="true" /><control name="seekbar" enabled="false" /><control name="replay" enabled="false" /><control name="pauseplay" enabled="false" /><control name="previous" enabled="false" /><control name="next" enabled="false" /><control name="submit" enabled="false" /><control name="finish" enabled="false" /><control name="submitall" enabled="false" /><control name="resources" enabled="false" /><control name="glossary" enabled="false" /><control name="transcript" enabled="false" /><control name="outline" enabled="false"><controls><control name="search" enabled="false" /></controls></control><control name="close_btn" enabled="false" /></control_layout><control_layout name="pxnsnfs0000000100"><control name="volume" enabled="true" /><control name="seekbar" enabled="false" /><control name="replay" enabled="false" /><control name="pauseplay" enabled="false" /><control name="previous" enabled="true" /><control name="next" enabled="true" /><control name="submit" enabled="false" /><control name="finish" enabled="false" /><control name="submitall" enabled="true" /><control name="resources" enabled="false" /><control name="glossary" enabled="false" /><control name="transcript" enabled="false" /><control name="outline" enabled="false"><controls><control name="search" enabled="false" /></controls></control><control name="close_btn" enabled="false" /></control_layout><control_layout name="pnxnsfns0000000100"><control name="volume" enabled="true" /><control name="seekbar" enabled="false" /><control name="replay" enabled="false" /><control name="pauseplay" enabled="false" /><control name="previous" enabled="true" /><control name="next" enabled="false" /><control name="submit" enabled="false" /><control name="finish" enabled="true" /><control name="submitall" enabled="false" /><control name="resources" enabled="false" /><control name="glossary" enabled="false" /><control name="transcript" enabled="false" /><control name="outline" enabled="false"><controls><control name="search" enabled="false" /></controls></control><control name="close_btn" enabled="false" /></control_layout></control_layouts><colorschemes><colorscheme name="pxnsnfns0000000100"><color_group name="infopanel"><group_colors><color name="link_text"><fill type="linear" rotation="90"><colors><color rgb="0x7C2280" alpha="100" stop="0" /></colors></fill></color><color name="link_hover"><fill type="linear" rotation="90"><colors><color rgb="0x0000EE" alpha="100" stop="0" /></colors></fill></color><color name="shadow"><fill type="linear" rotation="90"><colors><color rgb="0x0E2A45" alpha="100" stop="0" /></colors></fill></color><color name="bg"><fill type="linear" rotation="90"><colors><color rgb="0xFFFFFF" alpha="100" stop="0" /></colors></fill></color><color name="name_text"><fill type="linear" rotation="90"><colors><color rgb="0x444444" alpha="100" stop="0" /></colors></fill></color><color name="title_text"><fill type="linear" rotation="90"><colors><color rgb="0x999999" alpha="100" stop="0" /></colors></fill></color></group_colors></color_group><color_group name="infopanelpopup"><group_colors><color name="link_text"><fill type="linear" rotation="90"><colors><color rgb="0xFFFFFF" alpha="100" stop="0" /></colors></fill></color><color name="link_hover"><fill type="linear" rotation="90"><colors><color rgb="0x6A98C6" alpha="100" stop="0" /></colors></fill></color><color name="bg"><fill type="linear" rotation="90"><colors><color rgb="0x374D64" alpha="100" stop="0" /><color rgb="0x142D46" alpha="100" stop="255" /></colors></fill></color><color name="shadow"><fill type="linear" rotation="90"><colors><color rgb="0x0E2A45" alpha="100" stop="0" /></colors></fill></color><color name="name_text"><fill type="linear" rotation="90"><colors><color rgb="0x6A98C6" alpha="100" stop="0" /></colors></fill></color><color name="bio_text"><fill type="linear" rotation="90"><colors><color rgb="0xFFFFFF" alpha="100" stop="0" /></colors></fill></color></group_colors></color_group><color_group name="timer"><group_colors><color name="duration"><fill type="linear" rotation="90"><colors><color rgb="0x00D7FF" alpha="100" stop="0" /><color rgb="0x00ABFF" alpha="100" stop="255" /></colors></fill></color><color name="elapsed"><fill type="linear" rotation="90"><colors><color rgb="0xFEE347" alpha="100" stop="0" /><color rgb="0xFCCC2A" alpha="100" stop="255" /></colors></fill></color><color name="stroke"><fill type="linear" rotation="90"><colors><color rgb="0xC7C7C7" alpha="100" stop="0" /></colors></fill></color><color name="inner"><fill type="linear" rotation="90"><colors><color rgb="0xFFFFFF" alpha="100" stop="0" /></colors></fill></color><color name="text"><fill type="linear" rotation="90"><colors><color rgb="0xFFFFFF" alpha="100" stop="0" /></colors></fill></color></group_colors></color_group><color_group name="window"><group_colors><color name="text"><fill type="linear" rotation="90"><colors><color rgb="0xFFFFFF" alpha="100" stop="0" /></colors></fill></color><color name="inner"><fill type="linear" rotation="90"><colors><color rgb="0x374D64" alpha="100" stop="0" /><color rgb="0x142D46" alpha="100" stop="255" /></colors></fill></color><color name="bg"><fill type="linear" rotation="90"><colors><color rgb="0x5776A2" alpha="100" stop="0" /></colors></fill></color><color name="diva"><fill type="linear" rotation="90"><colors><color rgb="0x496484" alpha="100" stop="0" /></colors></fill></color><color name="divb"><fill type="linear" rotation="90"><colors><color rgb="0x1F3752" alpha="100" stop="0" /></colors></fill></color><color name="shadow"><fill type="linear" rotation="90"><colors><color rgb="0x000000" alpha="20" stop="0" /></colors></fill></color></group_colors></color_group><color_group name="editor"><group_colors><color name="slide_text"><fill type="linear" rotation="90"><colors><color rgb="0xFFFFFF" alpha="100" stop="0" /></colors></fill></color><color name="html_text"><fill type="linear" rotation="90"><colors><color rgb="0xFFFFFF" alpha="100" stop="0" /></colors></fill></color><color name="btn_text_shadow"><fill type="linear" rotation="90"><colors><color rgb="0x0E2A45" alpha="100" stop="0" /></colors></fill></color><color name="btn_text"><fill type="linear" rotation="90"><colors><color rgb="0xFFFFFF" alpha="100" stop="0" /></colors></fill></color><color name="btn_border"><fill type="linear" rotation="90"><colors><color rgb="0x0E2A46" alpha="100" stop="0" /></colors></fill></color><color name="btn_hover"><fill type="linear" rotation="90"><colors><color rgb="0x4A6C98" alpha="100" stop="0" /><color rgb="0x243C5C" alpha="100" stop="255" /></colors></fill></color><color name="btn_down"><fill type="linear" rotation="90"><colors><color rgb="0x294260" alpha="100" stop="0" /><color rgb="0x426288" alpha="100" stop="255" /></colors></fill></color><color name="btn_bg"><fill type="linear" rotation="90"><colors><color rgb="0x436388" alpha="100" stop="0" /><color rgb="0x294260" alpha="100" stop="255" /></colors></fill></color></group_colors></color_group><color_group name="listitem"><group_colors><color name="selected_text"><fill type="linear" rotation="90"><colors><color rgb="0xFFFFFF" alpha="100" stop="0" /></colors></fill></color><color name="shadow"><fill type="linear" rotation="90"><colors><color rgb="0x0E2A46" alpha="100" stop="0" /></colors></fill></color><color name="selected"><fill type="linear" rotation="90"><colors><color rgb="0x5379A5" alpha="100" stop="0" /></colors></fill></color><color name="text"><fill type="linear" rotation="90"><colors><color rgb="0xFFFFFF" alpha="100" stop="0" /></colors></fill></color><color name="viewed"><fill type="linear" rotation="90"><colors><color rgb="0x6CA5DE" alpha="100" stop="0" /></colors></fill></color><color name="hover"><fill type="linear" rotation="90"><colors><color rgb="0x3F5A76" alpha="100" stop="0" /></colors></fill></color><color name="lines"><fill type="linear" rotation="90"><colors><color rgb="0x2F465C" alpha="100" stop="0" /></colors></fill></color></group_colors></color_group><color_group name="glossary"><group_colors><color name="selected_text"><fill type="linear" rotation="90"><colors><color rgb="0xFFFFFF" alpha="100" stop="0" /></colors></fill></color><color name="selected"><fill type="linear" rotation="90"><colors><color rgb="0x5379A5" alpha="100" stop="0" /></colors></fill></color><color name="text"><fill type="linear" rotation="90"><colors><color rgb="0xFFFFFF" alpha="100" stop="0" /></colors></fill></color><color name="hover"><fill type="linear" rotation="90"><colors><color rgb="0x3F5A76" alpha="100" stop="0" /></colors></fill></color><color name="heading_text"><fill type="linear" rotation="90"><colors><color rgb="0xFFFFFF" alpha="100" stop="0" /></colors></fill></color><color name="diva"><fill type="linear" rotation="90"><colors><color rgb="0x2D4258" alpha="100" stop="0" /></colors></fill></color><color name="divb"><fill type="linear" rotation="90"><colors><color rgb="0x2D4258" alpha="100" stop="0" /></colors></fill></color><color name="divc"><fill type="linear" rotation="90"><colors><color rgb="0x5479A2" alpha="100" stop="0" /></colors></fill></color><color name="bg"><fill type="linear" rotation="90"><colors><color rgb="0x4D6E9A" alpha="100" stop="0" /></colors></fill></color></group_colors></color_group><color_group name="resource"><group_colors><color name="separator"><fill type="linear" rotation="90"><colors><color rgb="0x2A3C50" alpha="100" stop="0" /></colors></fill></color></group_colors></color_group><color_group name="outline"><group_colors><color name="search_hover"><fill type="linear" rotation="90"><colors><color rgb="0x6A98C6" alpha="100" stop="0" /></colors></fill></color><color name="search_text"><fill type="linear" rotation="90"><colors><color rgb="0xFFFFFF" alpha="100" stop="0" /></colors></fill></color><color name="divc"><fill type="linear" rotation="90"><colors><color rgb="0x31475E" alpha="100" stop="0" /></colors></fill></color><color name="divb"><fill type="linear" rotation="90"><colors><color rgb="0x5479A2" alpha="100" stop="0" /></colors></fill></color><color name="diva"><fill type="linear" rotation="90"><colors><color rgb="0x31475E" alpha="100" stop="0" /></colors></fill></color></group_colors></color_group><color_group name="transcript"><group_colors><color name="heading_text"><fill type="linear" rotation="90"><colors><color rgb="0xFFFFFF" alpha="100" stop="0" /></colors></fill></color><color name="div"><fill type="linear" rotation="90"><colors><color rgb="0x283C4E" alpha="100" stop="0" /></colors></fill></color></group_colors></color_group><color_group name="tabs"><group_colors><color name="shadow"><fill type="linear" rotation="90"><colors><color rgb="0x0E2A45" alpha="100" stop="0" /></colors></fill></color><color name="hover"><fill type="linear" rotation="90"><colors><color rgb="0x6596C9" alpha="100" stop="0" /></colors></fill></color><color name="selected"><fill type="linear" rotation="90"><colors><color rgb="0xFFFFFF" alpha="100" stop="0" /></colors></fill></color><color name="text"><fill type="linear" rotation="90"><colors><color rgb="0x6A98C6" alpha="100" stop="0" /></colors></fill></color><color name="bg"><fill type="linear" rotation="90"><colors><color rgb="0x47658B" alpha="100" stop="0" /></colors></fill></color></group_colors></color_group><color_group name="seekcontrol"><group_colors><color name="btn_icon_hover"><fill type="linear" rotation="90"><colors><color rgb="0x99B2CC" alpha="100" stop="0" /></colors></fill></color><color name="btn_icon_shadow"><fill type="linear" rotation="90"><colors><color rgb="0x2D4765" alpha="100" stop="0" /></colors></fill></color><color name="btn_icon_color"><fill type="linear" rotation="90"><colors><color rgb="0xFFFFFF" alpha="100" stop="0" /></colors></fill></color><color name="seek_position"><fill type="linear" rotation="90"><colors><color rgb="0xFFFFFF" alpha="100" stop="0" /></colors></fill></color><color name="seek_bg"><fill type="linear" rotation="90"><colors><color rgb="0x476A95" alpha="100" stop="0" /></colors></fill></color><color name="seek_border"><fill type="linear" rotation="90"><colors><color rgb="0x14304D" alpha="100" stop="0" /><color rgb="0x4C6B96" alpha="100" stop="255" /></colors></fill></color><color name="border"><fill type="linear" rotation="90"><colors><color rgb="0x0E2A46" alpha="100" stop="0" /></colors></fill></color><color name="bg"><fill type="linear" rotation="90"><colors><color rgb="0x436388" alpha="100" stop="0" /><color rgb="0x2A4360" alpha="100" stop="255" /></colors></fill></color></group_colors></color_group><color_group name="searchinput"><group_colors><color name="text_active"><fill type="linear" rotation="90"><colors><color rgb="0x2D2D2D" alpha="100" stop="0" /></colors></fill></color><color name="bg_active"><fill type="linear" rotation="90"><colors><color rgb="0xFFFFFF" alpha="100" stop="0" /></colors></fill></color><color name="search_text"><fill type="linear" rotation="90"><colors><color rgb="0x2D2D2D" alpha="100" stop="0" /></colors></fill></color><color name="hover_glow"><fill type="linear" rotation="90"><colors><color rgb="0x3C5979" alpha="0" stop="0" /></colors></fill></color><color name="button_hover"><fill type="linear" rotation="90"><colors><color rgb="0x294260" alpha="100" stop="0" /><color rgb="0x426288" alpha="100" stop="255" /></colors></fill></color><color name="icon"><fill type="linear" rotation="90"><colors><color rgb="0xFFFFFF" alpha="100" stop="0" /></colors></fill></color><color name="border"><fill type="linear" rotation="90"><colors><color rgb="0x405E82" alpha="100" stop="0" /><color rgb="0x0E2A45" alpha="100" stop="255" /></colors></fill></color><color name="bg"><fill type="linear" rotation="90"><colors><color rgb="0xFFFFFF" alpha="100" stop="0" /></colors></fill></color></group_colors></color_group><color_group name="scrollarea"><group_colors><color name="detailb"><fill type="linear" rotation="90"><colors><color rgb="0x0E2A46" alpha="100" stop="0" /></colors></fill></color><color name="detaila"><fill type="linear" rotation="90"><colors><color rgb="0x7698B4" alpha="100" stop="0" /></colors></fill></color><color name="shadow"><fill type="linear" rotation="90"><colors><color rgb="0x0E2A46" alpha="100" stop="0" /></colors></fill></color><color name="icons"><fill type="linear" rotation="90"><colors><color rgb="0xFFFFFF" alpha="100" stop="0" /></colors></fill></color><color name="button_border"><fill type="linear" rotation="90"><colors><color rgb="0x0E2A46" alpha="100" stop="0" /></colors></fill></color><color name="button_inner"><fill type="linear" rotation="90"><colors><color rgb="0x587BA1" alpha="100" stop="0" /><color rgb="0x496184" alpha="100" stop="255" /></colors></fill></color><color name="button_bg"><fill type="linear" rotation="90"><colors><color rgb="0x486B94" alpha="100" stop="0" /><color rgb="0x3A5579" alpha="100" stop="255" /></colors></fill></color><color name="border"><fill type="linear" rotation="90"><colors><color rgb="0x527CAD" alpha="100" stop="0" /><color rgb="0x527CAD" alpha="100" stop="255" /></colors></fill></color><color name="bg"><fill type="linear" rotation="0"><colors><color rgb="0x405E81" alpha="100" stop="0" /><color rgb="0x46678C" alpha="100" stop="128" /></colors></fill></color></group_colors></color_group><color_group name="menu"><group_colors><color name="shadow"><fill type="linear" rotation="90"><colors><color rgb="0x1A324A" alpha="100" stop="0" /></colors></fill></color><color name="bg"><fill type="linear" rotation="90"><colors><color rgb="0x47658B" alpha="100" stop="0" /></colors></fill></color></group_colors></color_group><color_group name="logo"><group_colors><color name="shadow"><fill type="linear" rotation="90"><colors><color rgb="0x0E2A45" alpha="100" stop="0" /></colors></fill></color><color name="bg"><fill type="linear" rotation="90"><colors><color rgb="0xFFFFFF" alpha="100" stop="0" /></colors></fill></color></group_colors></color_group><color_group name="checkbox"><group_colors><color name="hover"><fill type="linear" rotation="90"><colors><color rgb="0x6A98C6" alpha="100" stop="0" /></colors></fill></color><color name="text"><fill type="linear" rotation="90"><colors><color rgb="0xFFFFFF" alpha="100" stop="0" /></colors></fill></color><color name="check"><fill type="linear" rotation="90"><colors><color rgb="0x2BC400" alpha="100" stop="0" /></colors></fill></color><color name="bg"><fill type="linear" rotation="90"><colors><color rgb="0xFFFFFF" alpha="100" stop="0" /></colors></fill></color><color name="border"><fill type="linear" rotation="90"><colors><color rgb="0x31475E" alpha="100" stop="0" /></colors></fill></color></group_colors></color_group><color_group name="button"><group_colors><color name="btn_icon_color"><fill type="linear" rotation="90"><colors><color rgb="0xFFFFFF" alpha="100" stop="0" /></colors></fill></color><color name="btn_text_shadow"><fill type="linear" rotation="90"><colors><color rgb="0x0E2A45" alpha="100" stop="0" /></colors></fill></color><color name="btn_text"><fill type="linear" rotation="90"><colors><color rgb="0xFFFFFF" alpha="100" stop="0" /></colors></fill></color><color name="btn_border"><fill type="linear" rotation="90"><colors><color rgb="0x0E2A46" alpha="100" stop="0" /></colors></fill></color><color name="btn_hover"><fill type="linear" rotation="90"><colors><color rgb="0x4A6C98" alpha="100" stop="0" /><color rgb="0x243C5C" alpha="100" stop="255" /></colors></fill></color><color name="btn_down"><fill type="linear" rotation="90"><colors><color rgb="0x294260" alpha="100" stop="0" /><color rgb="0x426288" alpha="100" stop="255" /></colors></fill></color><color name="btn_bg"><fill type="linear" rotation="90"><colors><color rgb="0x436388" alpha="100" stop="0" /><color rgb="0x294260" alpha="100" stop="255" /></colors></fill></color><color name="btn_glow"><fill type="linear" rotation="90"><colors><color rgb="0x253C52" alpha="100" stop="0" /></colors></fill></color></group_colors></color_group><color_group name="base"><group_colors><color name="text"><fill type="linear" rotation="90"><colors><color rgb="0xFFFFFF" alpha="100" stop="0" /></colors></fill></color><color name="diva"><fill type="linear" rotation="90"><colors><color rgb="0x1F3752" alpha="100" stop="0" /></colors></fill></color><color name="divb"><fill type="linear" rotation="90"><colors><color rgb="0x496484" alpha="100" stop="0" /></colors></fill></color><color name="menu_shade"><fill type="linear" rotation="90"><colors><color rgb="0x34495E" alpha="100" stop="0" /><color rgb="0x142B42" alpha="100" stop="255" /></colors></fill></color><color name="border"><fill type="linear" rotation="90"><colors><color rgb="0x47617F" alpha="100" stop="0" /><color rgb="0x47617F" alpha="100" stop="255" /></colors></fill></color><color name="bg"><fill type="linear" rotation="90"><colors><color rgb="0x374D64" alpha="100" stop="0" /><color rgb="0x142D46" alpha="100" stop="255" /></colors></fill></color><color name="slide_bg"><fill type="linear" rotation="90"><colors><color rgb="0x374D64" alpha="100" stop="0" /><color rgb="0x142D46" alpha="100" stop="255" /></colors></fill></color></group_colors></color_group><color_group name="volume"><group_colors><color name="thumb_border"><fill type="linear" rotation="90"><colors><color rgb="0x0E2A46" alpha="100" stop="0" /></colors></fill></color><color name="thumb_inner"><fill type="linear" rotation="90"><colors><color rgb="0x57799E" alpha="100" stop="0" /></colors></fill></color><color name="thumb_bg"><fill type="linear" rotation="90"><colors><color rgb="0x46678E" alpha="100" stop="0" /></colors></fill></color><color name="slider_border"><fill type="linear" rotation="90"><colors><color rgb="0x4D74A3" alpha="100" stop="0" /></colors></fill></color><color name="slider_bg"><fill type="linear" rotation="90"><colors><color rgb="0x314B68" alpha="100" stop="0" /><color rgb="0x365374" alpha="100" stop="128" /><color rgb="0x314B68" alpha="100" stop="255" /></colors></fill></color></group_colors></color_group></colorscheme></colorschemes><string_tables><string_table name="pxnsnfns0000000100"><string id="prev">Anterior</string><string id="next">Siguiente</string><string id="submit">Enviar</string><string id="outline">Menú</string><string id="resources">Recursos</string><string id="glossary">Glosario</string><string id="transcript">Notas</string><string id="clear">Borrar y volver al menú</string><string id="search_results">Resultados de la búsqueda</string><string id="filter">Filtro</string><string id="slide_text_chk">Texto Diapositiva</string><string id="transcript_chk">Notas</string><string id="search_in">Buscar en:</string><string id="check_include">De verificación para incluir</string><string id="search">Buscar ...</string><string id="terms">Condiciones</string><string id="definition">Definición</string><string id="acc_definition">definición</string><string id="acc_resources">los recursos</string><string id="acc_search_input">búsqueda</string><string id="acc_pause">pausa</string><string id="acc_play">jugar</string><string id="acc_replay">repetición</string><string id="acc_submit">Presentar</string><string id="acc_next">siguiente</string><string id="acc_previous">siguiente</string><string id="acc_volume">volumen</string><string id="finish">FINALIZAR</string><string id="acc_finish">finalizar</string><string id="submitall">Enviar todo</string><string id="acc_submitall">Enviar todo</string><string id="question_list">Lista de preguntas</string><string id="more_info">Más información</string><string id="send_an_email">Enviar correo electrónico</string><string id="close">Cerrar</string><string id="bio">Biografía</string><string id="exit">Salir</string></string_table></string_tables><sounds enabled="false" /><nav_data><outline><links><slidedrawref drawid="5qI0k5CsEZL.5zZLdbQYpTn" /></links></outline></nav_data><resource_data description="" /><transcript_data /><glossary_data /></bwFrame>